,datetime,open,max,min,close,value
0,2024-03-13 15:05:00,100.3925,100.4000,100.3325,100.3400,504.794M
1,2024-03-13 14:45:00,100.3925,100.4000,100.3325,100.3400,504.794M
2,2024-03-13 14:40:00,100.4350,100.4575,100.3950,100.3975,469.474M
3,2024-03-13 14:35:00,100.4225,100.4300,100.3950,100.4150,367.425M
4,2024-03-13 14:30:00,100.4325,100.4375,100.3950,100.4175,389.512M
5,2024-03-13 14:25:00,100.4275,100.4450,100.3750,100.4300,386.891M
6,2024-03-13 14:20:00,100.3825,100.4700,100.3825,100.4325,346.374M
7,2024-03-13 14:15:00,100.3800,100.4125,100.3700,100.3775,462.294M
8,2024-03-13 14:10:00,100.3575,100.4025,100.3325,100.3700,441.823M
9,2024-03-13 14:05:00,100.3150,100.3650,100.3075,100.3525,358.103M
10,2024-03-13 14:00:00,100.3825,100.4700,100.3825,100.4325,346.374M
11,2024-03-13 14:15:00,100.3800,100.4125,100.3700,100.3775,462.294M
12,2024-03-13 14:10:00,100.3575,100.4025,100.3325,100.3700,441.823M
13,2024-03-13 14:05:00,100.3150,100.3650,100.3075,100.3525,358.103M
14,2024-03-13 14:00:00,100.2575,100.3200,100.2500,100.3025,347.276M
15,2024-03-13 13:55:00,100.1350,100.2475,100.1075,100.2325,301.759M
16,2024-03-13 13:50:00,100.1075,100.1400,100.0900,100.1300,220.859M
17,2024-03-13 13:45:00,100.0775,100.1450,100.0600,100.1300,294.239M
18,2024-03-13 13:20:00,100.1025,100.1550,100.0700,100.0700,436.581M
19,2024-03-13 13:15:00,100.1025,100.1450,100.0900,100.1025,338.316M
20,2024-03-13 13:10:00,100.1125,100.1425,100.0900,100.0900,298.366M
21,2024-03-13 13:05:00,100.0525,100.1050,100.0425,100.0975,232.585M
22,2024-03-13 13:00:00,100.0850,100.0875,100.0100,100.0375,381.894M
23,2024-03-13 12:55:00,100.1475,100.1625,100.0775,100.0775,322.134M
24,2024-03-13 12:50:00,100.1525,100.1650,100.1000,100.1450,395.755M
25,2024-03-13 12:45:00,100.1450,100.1650,100.1225,100.1450,248.765M
26,2024-03-13 12:40:00,100.1450,100.1475,100.1100,100.1425,525.975M
27,2024-03-13 12:35:00,100.1650,100.1825,100.1225,100.1350,295.237M
28,2024-03-13 12:30:00,100.1425,100.1725,100.1025,100.1650,798.455M
29,2024-03-13 12:25:00,100.1250,100.1650,100.1225,100.1375,1.269B
30,2024-03-13 12:20:00,100.1175,100.1525,100.0625,100.1225,888.578M
31,2024-03-13 12:15:00,100.0900,100.1450,100.0700,100.1100,887.866M
32,2024-03-13 12:10:00,100.0775,100.0900,100.0450,100.0800,879.036M
33,2024-03-13 12:05:00,100.1025,100.1125,100.0550,100.0675,355.687M
34,2024-03-13 12:00:00,100.1200,100.1375,100.0875,100.0925,444.109M
35,2024-03-13 11:55:00,100.1375,100.1525,100.1100,100.1100,441.57M
36,2024-03-13 11:50:00,100.1700,100.1850,100.1225,100.1350,355.898M
37,2024-03-13 11:45:00,100.2275,100.2400,100.1625,100.1625,466.398M
38,2024-03-13 11:40:00,100.1725,100.2400,100.1725,100.2250,507.475M
39,2024-03-13 11:35:00,100.1950,100.2150,100.1500,100.1750,521.242M
40,2024-03-13 11:30:00,100.3125,100.4100,100.2000,100.2150,510.891M
41,2024-03-13 11:25:00,100.3200,100.3525,100.2600,100.3050,460.016M
42,2024-03-13 11:20:00,100.2550,100.3250,100.2200,100.3200,564.155M
43,2024-03-13 11:15:00,100.3325,100.3375,100.1500,100.2200,396.533M
44,2024-03-13 11:10:00,100.3025,100.3500,100.2075,100.3250,416.879M
45,2024-03-13 11:05:00,100.2875,100.4125,100.2675,100.3075,421.041M
46,2024-03-13 11:00:00,100.1850,100.3150,100.1750,100.2750,409.095M
47,2024-03-13 10:55:00,100.1450,100.1850,100.0900,100.1775,363.649M
48,2024-03-13 10:50:00,99.9100,100.1375,99.8975,100.1375,260.001M
49,2024-03-13 10:45:00,99.8325,99.9000,99.8150,99.9000,307.966M
50,2024-03-13 10:40:00,99.8050,99.8700,99.7950,99.8275,351.02M
51,2024-03-13 10:35:00,99.7675,99.8150,99.7400,99.8000,305.805M
52,2024-03-13 10:30:00,99.7800,99.7950,99.7525,99.7725,283.559M
53,2024-03-13 10:25:00,99.8000,99.8000,99.7600,99.7800,284.164M
54,2024-03-13 10:20:00,99.8325,99.8375,99.8000,99.8000,333.767M
55,2024-03-13 10:15:00,99.9125,99.9125,99.8225,99.8325,846.876M
56,2024-03-13 10:10:00,99.9600,99.9675,99.9000,99.9125,554M
57,2024-03-13 10:05:00,99.9700,100.0325,99.9600,99.9600,917.818M
58,2024-03-13 10:00:00,100.0275,100.0275,99.9650,99.9725,757.401M
59,2024-03-13 09:55:00,100.0650,100.0650,100.0225,100.0300,281.523M
60,2024-03-13 09:50:00,100.1275,100.1275,100.0800,100.0800,55.362M
61,2024-03-13 09:45:00,100.1325,100.1325,100.1225,100.1225,1.302M
62,2024-03-13 09:40:00,100.2050,100.2050,100.1625,100.1625,12.823M
63,2024-03-13 09:35:00,100.2500,100.2525,100.2200,100.2200,53.431M
64,2024-03-13 09:30:00,100.2825,100.2825,100.2600,100.2600,30.382M
65,2024-03-13 09:25:00,100.2525,100.2525,100.2450,100.2450,6.817M
66,2024-03-13 09:20:00,100.3125,100.3125,100.2400,100.2450,86.942M
67,2024-03-13 09:15:00,100.3500,100.3525,100.3100,100.3100,115.464M
68,2024-03-13 09:10:00,100.3050,100.3250,100.3050,100.3225,38.422M
69,2024-03-13 09:00:00,100.3025,100.3350,100.3025,100.3050,41.834M
70,2024-03-13 08:55:00,100.2950,100.2950,100.2950,100.2950,601.77K
71,2024-03-13 08:50:00,100.2950,100.2950,100.2950,100.2950,5.115M
72,2024-03-13 08:30:00,100.3050,100.3075,100.2925,100.2925,27.282M
73,2024-03-13 08:25:00,100.2925,100.2925,100.2925,100.2925,5.015M
74,2024-03-13 08:20:00,100.2775,100.2775,100.2775,100.2775,3.811M
75,2024-03-13 08:15:00,100.2925,100.2925,100.2925,100.2925,200.585K
76,2024-03-13 08:10:00,100.2425,100.2425,100.2425,100.2425,6.816M
77,2024-03-13 08:00:00,100.2400,100.2400,100.2400,100.2400,5.012M
78,2024-03-13 07:50:00,100.2550,100.2550,100.2525,100.2525,10.025M
79,2024-03-13 07:20:00,100.2300,100.2300,100.2075,100.2125,21.446M
80,2024-03-13 07:15:00,100.5475,100.5475,100.5425,100.5425,7.742M
81,2024-03-13 07:05:00,100.5000,100.5125,100.5000,100.5125,2.613M
82,2024-03-13 07:00:00,100.0450,100.4100,100.0450,100.4100,10.931M
83,2024-03-12 18:55:00,100.2300,100.2525,100.1950,100.2075,4.109M
84,2024-03-12 18:50:00,100.2675,100.3000,100.1525,100.2075,56.52M
85,2024-03-12 18:45:00,100.1900,100.2550,100.1700,100.2200,32.874M
86,2024-03-12 18:40:00,100.1925,100.2075,100.1700,100.1700,18.233M
87,2024-03-12 18:35:00,100.1650,100.2150,100.1550,100.2125,23.744M
88,2024-03-12 18:30:00,100.1400,100.1975,100.1400,100.1725,22.44M
89,2024-03-12 18:25:00,100.1200,100.1475,100.1200,100.1400,13.919M
90,2024-03-12 18:20:00,100.1475,100.1525,100.1125,100.1225,15.02M
91,2024-03-12 18:15:00,100.1700,100.1700,100.1350,100.1350,23.435M
92,2024-03-12 18:10:00,100.1075,100.1725,100.1075,100.1500,152.831M
93,2024-03-12 18:05:00,100.2000,100.2150,100.1050,100.1050,64.208M
94,2024-03-12 18:00:00,100.2750,100.3025,100.2100,100.2100,154.913M
95,2024-03-12 17:55:00,100.2775,100.3075,100.2725,100.2750,25.373M
96,2024-03-12 17:50:00,100.1875,100.3000,100.1875,100.2850,106.57M
97,2024-03-12 17:45:00,100.2650,100.2650,100.1125,100.1800,36.37M
98,2024-03-12 17:40:00,100.2750,100.3025,100.2100,100.2100,154.913M
99,2024-03-12 17:55:00,100.2775,100.3075,100.2725,100.2750,25.373M
100,2024-03-12 17:50:00,100.1875,100.3000,100.1875,100.2850,106.57M
101,2024-03-12 17:45:00,100.2650,100.2650,100.1125,100.1800,36.37M
102,2024-03-12 17:40:00,100.2800,100.2925,100.2575,100.2575,29.482M
103,2024-03-12 17:35:00,100.2025,100.3050,100.2025,100.2900,103.79M
104,2024-03-12 17:30:00,100.1550,100.2000,100.1075,100.2000,34.753M
105,2024-03-12 17:25:00,100.1200,100.1350,99.9725,99.9900,338.742M
106,2024-03-12 17:00:00,100.1600,100.1800,100.0775,100.1125,336.965M
107,2024-03-12 16:55:00,100.1225,100.1925,100.1025,100.1375,310.432M
108,2024-03-12 16:50:00,100.0075,100.1675,100.0075,100.1200,460.052M
109,2024-03-12 16:45:00,99.9900,100.0250,99.9700,100.0025,255.412M
110,2024-03-12 16:40:00,99.9575,100.0100,99.9525,99.9900,206.175M
111,2024-03-12 16:35:00,99.9275,99.9600,99.9200,99.9400,183.598M
112,2024-03-12 16:30:00,100.0000,100.0000,99.9350,99.9350,153.955M
113,2024-03-12 16:25:00,99.9375,100.0250,99.9375,100.0000,386.929M
114,2024-03-12 16:20:00,99.8850,99.9550,99.8850,99.9475,95.333M
115,2024-03-12 16:15:00,99.8425,99.8900,99.8425,99.8825,34.555M
116,2024-03-12 16:10:00,99.8500,99.9250,99.7700,99.8100,190.211M
117,2024-03-12 16:05:00,99.7900,99.8700,99.7750,99.8525,200.418M
118,2024-03-12 16:00:00,99.6425,99.8100,99.6425,99.7875,105.522M
119,2024-03-12 15:55:00,99.6225,99.6800,99.6175,99.6450,238.067M
120,2024-03-12 15:50:00,99.6325,99.6325,99.5725,99.6150,211.368M
121,2024-03-12 15:45:00,99.6475,99.6725,99.6100,99.6475,440.446M
122,2024-03-12 15:40:00,99.5175,99.6625,99.5050,99.6325,534.152M
123,2024-03-12 15:35:00,99.6225,99.6800,99.6175,99.6450,238.067M
124,2024-03-12 15:50:00,99.6325,99.6325,99.5725,99.6150,211.368M
125,2024-03-12 15:45:00,99.6475,99.6725,99.6100,99.6475,440.446M
126,2024-03-12 15:40:00,99.5175,99.6625,99.5050,99.6325,534.152M
127,2024-03-12 15:35:00,99.4500,99.5975,99.4450,99.5200,717.304M
128,2024-03-12 15:30:00,99.6125,99.6300,99.4025,99.4675,889.502M
129,2024-03-12 15:25:00,99.6725,99.6800,99.5975,99.6275,134.214M
130,2024-03-12 15:20:00,99.6100,99.6800,99.6100,99.6500,496.542M
131,2024-03-12 14:55:00,99.6150,99.6375,99.6100,99.6250,129.114M
132,2024-03-12 14:50:00,99.6250,99.6450,99.6175,99.6175,86.479M
133,2024-03-12 14:45:00,99.5925,99.6475,99.5875,99.6375,163.074M
134,2024-03-12 14:40:00,99.6250,99.6375,99.5950,99.5950,88.465M
135,2024-03-12 14:35:00,99.6025,99.6375,99.6025,99.6350,84.577M
136,2024-03-12 14:30:00,99.6300,99.6325,99.5675,99.6025,275.897M
137,2024-03-12 14:25:00,99.6025,99.6400,99.6025,99.6300,176.832M
138,2024-03-12 14:20:00,99.5850,99.6200,99.5800,99.6050,196.114M
139,2024-03-12 14:15:00,99.6025,99.6375,99.6025,99.6350,84.577M
140,2024-03-12 14:30:00,99.6300,99.6325,99.5675,99.6025,275.897M
141,2024-03-12 14:25:00,99.6025,99.6400,99.6025,99.6300,176.832M
142,2024-03-12 14:20:00,99.5850,99.6200,99.5800,99.6050,196.114M
143,2024-03-12 14:15:00,99.5725,99.5925,99.5550,99.5775,298.814M
144,2024-03-12 14:10:00,99.5950,99.6200,99.5400,99.5675,413.984M
145,2024-03-12 14:05:00,99.6000,99.6175,99.5750,99.5975,160.653M
146,2024-03-12 14:00:00,99.5150,99.6050,99.5150,99.5800,376.386M
147,2024-03-12 13:35:00,99.5000,99.5200,99.4875,99.5150,178.82M
148,2024-03-12 13:30:00,99.5050,99.5200,99.4800,99.5100,367.354M
149,2024-03-12 13:25:00,99.4875,99.5075,99.4700,99.5075,388.7M
150,2024-03-12 13:20:00,99.5050,99.5300,99.4775,99.4825,357.82M
151,2024-03-12 13:15:00,99.5075,99.5425,99.5000,99.5025,292.797M
152,2024-03-12 13:10:00,99.5050,99.5200,99.4800,99.5100,367.354M
153,2024-03-12 13:25:00,99.4875,99.5075,99.4700,99.5075,388.7M
154,2024-03-12 13:20:00,99.5050,99.5300,99.4775,99.4825,357.82M
155,2024-03-12 13:15:00,99.5075,99.5425,99.5000,99.5025,292.797M
156,2024-03-12 13:10:00,99.5225,99.5725,99.4825,99.5075,294.298M
157,2024-03-12 13:05:00,99.4025,99.5250,99.4025,99.5250,402.826M
158,2024-03-12 13:00:00,99.4475,99.4500,99.3775,99.4000,565.041M
159,2024-03-12 12:55:00,99.2775,99.2850,99.2600,99.2625,480.077M
160,2024-03-12 12:30:00,99.2425,99.2775,99.2325,99.2725,493.715M
161,2024-03-12 12:25:00,99.3000,99.3025,99.2325,99.2375,996.83M
162,2024-03-12 12:20:00,99.2625,99.3075,99.2600,99.2925,565.616M
163,2024-03-12 12:35:00,99.2775,99.2850,99.2600,99.2625,480.077M
164,2024-03-12 12:30:00,99.2425,99.2775,99.2325,99.2725,493.715M
165,2024-03-12 12:25:00,99.3000,99.3025,99.2325,99.2375,996.83M
166,2024-03-12 12:20:00,99.3050,99.3275,99.2925,99.2950,837.614M
167,2024-03-12 12:15:00,99.3650,99.3650,99.3000,99.3050,630.257M
168,2024-03-12 12:10:00,99.3650,99.3800,99.3525,99.3650,339.237M
169,2024-03-12 12:05:00,99.3650,99.3950,99.3525,99.3700,304.866M
170,2024-03-12 12:00:00,99.2650,99.3675,99.2650,99.3600,392.148M
171,2024-03-12 11:55:00,99.2475,99.2750,99.2275,99.2650,136.368M
172,2024-03-12 11:50:00,99.2350,99.2600,99.2225,99.2500,219.231M
173,2024-03-12 11:25:00,99.2200,99.2325,99.2100,99.2300,255.595M
174,2024-03-12 11:20:00,99.2200,99.2400,99.2075,99.2225,727.884M
175,2024-03-12 11:15:00,99.2525,99.2675,99.2275,99.2550,228.072M
176,2024-03-12 11:30:00,99.2350,99.2600,99.2225,99.2500,219.231M
177,2024-03-12 11:25:00,99.2200,99.2325,99.2100,99.2300,255.595M
178,2024-03-12 11:20:00,99.2200,99.2400,99.2075,99.2225,727.884M
179,2024-03-12 11:15:00,99.2200,99.2375,99.2125,99.2225,1.533B
180,2024-03-12 11:10:00,99.2250,99.2350,99.2125,99.2200,581.937M
181,2024-03-12 11:05:00,99.2450,99.2650,99.2100,99.2275,356.188M
182,2024-03-12 11:00:00,99.1975,99.2600,99.1975,99.2450,274.494M
183,2024-03-12 10:55:00,99.2000,99.2350,99.1825,99.1950,401.604M
184,2024-03-12 10:50:00,99.1575,99.2050,99.1575,99.2000,179.932M
185,2024-03-12 10:45:00,99.1850,99.1850,99.1050,99.1350,345.413M
186,2024-03-12 10:20:00,99.1750,99.1950,99.1700,99.1850,409.431M
187,2024-03-12 10:15:00,99.2650,99.2650,99.1725,99.1750,265.841M
188,2024-03-12 10:10:00,99.1350,99.1575,99.1200,99.1500,282.336M
189,2024-03-12 10:25:00,99.1850,99.1850,99.1050,99.1350,345.413M
190,2024-03-12 10:20:00,99.1750,99.1950,99.1700,99.1850,409.431M
191,2024-03-12 10:15:00,99.2650,99.2650,99.1725,99.1750,265.841M
192,2024-03-12 10:10:00,99.1775,99.2725,99.1725,99.2650,443.985M
193,2024-03-12 10:05:00,99.1600,99.1875,99.1325,99.1750,237.894M
194,2024-03-12 10:00:00,99.1500,99.2075,99.1150,99.1750,175.711M
195,2024-03-12 09:55:00,99.0650,99.0950,99.0550,99.0950,79.358M
196,2024-03-12 09:30:00,99.0650,99.0775,99.0650,99.0650,40.222M
197,2024-03-12 09:25:00,99.0750,99.1200,99.0750,99.0950,61.741M
198,2024-03-12 09:20:00,99.0975,99.1000,99.0900,99.0925,72.936M
199,2024-03-12 09:35:00,99.0650,99.0950,99.0550,99.0950,79.358M
200,2024-03-12 09:30:00,99.0650,99.0775,99.0650,99.0650,40.222M
201,2024-03-12 09:25:00,99.0750,99.1200,99.0750,99.0950,61.741M
202,2024-03-12 09:20:00,99.1250,99.1250,99.0950,99.0950,12.685M
203,2024-03-12 09:15:00,99.0950,99.1275,99.0950,99.1050,8.424M
204,2024-03-12 09:10:00,99.1375,99.1375,99.1325,99.1325,13.284M
205,2024-03-12 09:05:00,99.1725,99.1825,99.1550,99.1650,170.267M
206,2024-03-12 09:00:00,99.1900,99.2050,99.1800,99.1825,58.422M
207,2024-03-12 08:55:00,99.2025,99.2025,99.2025,99.2025,2.083M
208,2024-03-12 08:35:00,99.2025,99.2200,99.2025,99.2175,18.355M
209,2024-03-12 08:30:00,99.1900,99.1900,99.1900,99.1900,9.919M
210,2024-03-12 08:15:00,99.2025,99.2025,99.2025,99.2025,2.678M
211,2024-03-12 08:05:00,99.0700,99.1500,98.9900,99.0500,4.063M
212,2024-03-11 18:50:00,99.0250,99.0275,98.9875,99.0050,21.188M
213,2024-03-11 18:45:00,99.0300,99.0475,98.9975,99.0250,13.468M
214,2024-03-11 18:40:00,98.7500,99.1450,98.7500,99.1450,3.071M
215,2024-03-11 18:55:00,99.0700,99.1500,98.9900,99.0500,4.063M
216,2024-03-11 18:50:00,99.0250,99.0275,98.9875,99.0050,21.188M
217,2024-03-11 18:45:00,99.0300,99.0475,98.9975,99.0250,13.468M
218,2024-03-11 18:40:00,99.0300,99.0300,98.9875,99.0025,11.388M
219,2024-03-11 18:35:00,99.0600,99.0600,99.0150,99.0350,13.964M
220,2024-03-11 18:30:00,99.0525,99.0525,99.0125,99.0525,1.882M
221,2024-03-11 18:25:00,99.0950,99.1050,99.0775,99.0800,43.005M
222,2024-03-11 18:00:00,99.0900,99.1000,99.0900,99.1000,2.775M
223,2024-03-11 17:55:00,99.0475,99.0900,99.0475,99.0900,39.334M
224,2024-03-11 17:50:00,99.0075,99.0575,99.0075,99.0500,57.937M
225,2024-03-11 17:45:00,99.0000,99.0150,98.9875,99.0075,31.88M
226,2024-03-11 17:40:00,98.9775,99.0000,98.9600,98.9950,23.655M
227,2024-03-11 17:35:00,99.0000,99.0175,98.9500,98.9625,88.601M
228,2024-03-11 17:30:00,99.0300,99.0300,98.9825,98.9925,44.648M
229,2024-03-11 17:25:00,99.0500,99.0500,99.0150,99.0250,240.044M
230,2024-03-11 17:20:00,99.0900,99.0925,99.0450,99.0500,330.002M
231,2024-03-11 17:15:00,99.0500,99.0925,99.0500,99.0925,82.225M
232,2024-03-11 17:10:00,99.0150,99.0475,99.0150,99.0475,97.836M
233,2024-03-11 17:05:00,99.0200,99.0300,99.0075,99.0175,38.421M
234,2024-03-11 17:00:00,99.0125,99.0200,99.0025,99.0025,90.795M
235,2024-03-11 16:55:00,99.0125,99.0200,99.0075,99.0200,57.132M
236,2024-03-11 16:50:00,99.0150,99.0475,99.0150,99.0475,97.836M
237,2024-03-11 17:05:00,99.0200,99.0300,99.0075,99.0175,38.421M
238,2024-03-11 17:00:00,99.0125,99.0200,99.0025,99.0025,90.795M
239,2024-03-11 16:55:00,99.0125,99.0200,99.0075,99.0200,57.132M
240,2024-03-11 16:50:00,99.0250,99.0275,99.0075,99.0075,23.864M
241,2024-03-11 16:45:00,99.0275,99.0300,99.0250,99.0250,58.13M
242,2024-03-11 16:40:00,99.0075,99.0300,99.0075,99.0275,60.305M
243,2024-03-11 16:35:00,99.0350,99.0425,99.0025,99.0275,121.206M
244,2024-03-11 16:10:00,99.0625,99.0775,99.0575,99.0575,29.719M
245,2024-03-11 16:05:00,99.0500,99.0950,99.0500,99.0650,42.207M
246,2024-03-11 16:00:00,99.1025,99.1150,99.0475,99.0475,79.868M
247,2024-03-11 15:55:00,99.1000,99.1200,99.0950,99.1050,317.062M
248,2024-03-11 15:50:00,99.1150,99.1175,99.0925,99.1000,111.79M
249,2024-03-11 15:45:00,99.0950,99.1150,99.0925,99.1150,136.071M
250,2024-03-11 15:40:00,99.0750,99.1025,99.0475,99.1025,101.162M
251,2024-03-11 15:35:00,99.1400,99.1475,99.0750,99.0750,130.543M
252,2024-03-11 15:30:00,99.1175,99.1475,99.1125,99.1375,120.549M
253,2024-03-11 15:25:00,99.1325,99.1475,99.0725,99.1250,463.292M
254,2024-03-11 15:20:00,99.0700,99.1400,99.0700,99.1375,825.003M
255,2024-03-11 15:15:00,99.1400,99.1475,99.0750,99.0750,130.543M
256,2024-03-11 15:30:00,99.1175,99.1475,99.1125,99.1375,120.549M
257,2024-03-11 15:25:00,99.1325,99.1475,99.0725,99.1250,463.292M
258,2024-03-11 15:20:00,99.0700,99.1400,99.0700,99.1375,825.003M
259,2024-03-11 15:15:00,99.0725,99.1025,99.0550,99.0675,421.739M
260,2024-03-11 15:10:00,99.1100,99.1900,99.0725,99.0825,299.855M
261,2024-03-11 15:05:00,99.1625,99.1825,99.1000,99.1200,361.867M
262,2024-03-11 15:00:00,99.1650,99.1900,99.1025,99.1725,394.516M
263,2024-03-11 14:55:00,99.0300,99.1750,99.0275,99.1500,1.488B
264,2024-03-11 14:50:00,98.9825,99.0400,98.9825,99.0300,1.164B
265,2024-03-11 14:45:00,98.9950,99.0400,98.9925,99.0350,193.084M
266,2024-03-11 14:20:00,99.0575,99.0675,98.9925,99.0000,307.086M
267,2024-03-11 14:15:00,99.0000,99.0475,98.9750,99.0475,230.968M
268,2024-03-11 14:10:00,99.0250,99.0400,98.9900,99.0000,239.802M
269,2024-03-11 14:05:00,99.1275,99.1300,99.0275,99.0275,1.006B
270,2024-03-11 14:00:00,99.1125,99.1475,99.1100,99.1300,294.307M
271,2024-03-11 13:55:00,99.0000,99.0475,98.9750,99.0475,230.968M
272,2024-03-11 14:10:00,99.0250,99.0400,98.9900,99.0000,239.802M
273,2024-03-11 14:05:00,99.1275,99.1300,99.0275,99.0275,1.006B
274,2024-03-11 14:00:00,99.1125,99.1475,99.1100,99.1300,294.307M
275,2024-03-11 13:55:00,99.1150,99.1250,99.1025,99.1175,211.805M
276,2024-03-11 13:50:00,99.1025,99.1300,99.1000,99.1150,150.952M
277,2024-03-11 13:45:00,99.1050,99.1200,99.1000,99.1050,183.154M
278,2024-03-11 13:40:00,99.1525,99.1775,99.1325,99.1625,246.601M
279,2024-03-11 13:15:00,99.1425,99.1675,99.1175,99.1550,301.482M
280,2024-03-11 13:10:00,99.1375,99.1600,99.1225,99.1375,208.79M
281,2024-03-11 13:05:00,99.1600,99.1825,99.1375,99.1525,197.918M
282,2024-03-11 13:20:00,99.1525,99.1775,99.1325,99.1625,246.601M
283,2024-03-11 13:15:00,99.1425,99.1675,99.1175,99.1550,301.482M
284,2024-03-11 13:10:00,99.1375,99.1600,99.1225,99.1375,208.79M
285,2024-03-11 13:05:00,99.1275,99.1450,99.1175,99.1325,299.383M
286,2024-03-11 13:00:00,99.1175,99.1650,99.1150,99.1250,215.419M
287,2024-03-11 12:55:00,99.1175,99.1300,99.1075,99.1175,201.013M
288,2024-03-11 12:50:00,99.1800,99.2075,99.1750,99.2000,226.257M
289,2024-03-11 12:25:00,99.2000,99.2250,99.1775,99.1875,181.442M
290,2024-03-11 12:20:00,99.2325,99.2325,99.1950,99.2000,215.488M
291,2024-03-11 12:15:00,99.2100,99.2450,99.2000,99.2250,249.451M
292,2024-03-11 12:10:00,99.2125,99.2150,99.1750,99.2050,306.618M
293,2024-03-11 12:05:00,99.2400,99.2550,99.1925,99.2150,258.865M
294,2024-03-11 12:00:00,99.1900,99.2575,99.1900,99.2425,245.779M
295,2024-03-11 11:55:00,99.1800,99.2150,99.1725,99.1900,196.399M
296,2024-03-11 11:50:00,99.2050,99.2275,99.1650,99.1900,177.065M
297,2024-03-11 11:45:00,99.1975,99.2300,99.1850,99.2075,176.199M
298,2024-03-11 11:40:00,99.2050,99.2350,99.1950,99.1975,178.779M
299,2024-03-11 11:35:00,99.2275,99.2400,99.2000,99.2050,232.871M
300,2024-03-11 11:30:00,99.2625,99.2625,99.1900,99.2275,344.499M
301,2024-03-11 11:25:00,99.2975,99.3000,99.2675,99.2750,264.301M
302,2024-03-11 11:20:00,99.2700,99.3300,99.2675,99.2975,491.302M
303,2024-03-11 11:15:00,99.2275,99.2400,99.2000,99.2050,232.871M
304,2024-03-11 11:30:00,99.2625,99.2625,99.1900,99.2275,344.499M
305,2024-03-11 11:25:00,99.2975,99.3000,99.2675,99.2750,264.301M
306,2024-03-11 11:20:00,99.2700,99.3300,99.2675,99.2975,491.302M
307,2024-03-11 11:15:00,99.2475,99.2825,99.2325,99.2700,233.941M
308,2024-03-11 11:10:00,99.2400,99.3100,99.2150,99.2400,658.596M
309,2024-03-11 11:05:00,99.1075,99.2500,99.1075,99.2500,285.444M
310,2024-03-11 11:00:00,99.1725,99.2325,99.1625,99.1950,270.313M
311,2024-03-11 10:35:00,99.1600,99.2000,99.1150,99.1750,860.56M
312,2024-03-11 10:30:00,99.1325,99.1750,99.1050,99.1550,232.975M
313,2024-03-11 10:25:00,99.0800,99.1675,99.0800,99.1375,229.45M
314,2024-03-11 10:20:00,99.0675,99.1125,99.0300,99.0900,307.902M
315,2024-03-11 10:15:00,99.1025,99.1125,99.0725,99.0725,363.992M
316,2024-03-11 10:10:00,99.1475,99.1525,99.1000,99.1025,291.52M
317,2024-03-11 10:05:00,99.1925,99.2000,99.1075,99.1375,394.571M
318,2024-03-11 10:00:00,99.2875,99.2875,99.1925,99.1950,916.965M
319,2024-03-11 09:55:00,99.3050,99.3525,99.2750,99.2950,88.096M
320,2024-03-11 09:50:00,99.3050,99.3150,99.2950,99.2950,59.584M
321,2024-03-11 09:45:00,99.3075,99.3125,99.2900,99.2900,6.257M
322,2024-03-11 09:40:00,99.3100,99.3200,99.3025,99.3100,15.194M
323,2024-03-11 09:35:00,99.2975,99.3000,99.2925,99.3000,17.675M
324,2024-03-11 09:30:00,99.3000,99.3000,99.2850,99.2975,17.475M
325,2024-03-11 09:25:00,99.3075,99.3125,99.2900,99.2900,6.257M
326,2024-03-11 09:40:00,99.3100,99.3200,99.3025,99.3100,15.194M
327,2024-03-11 09:35:00,99.2975,99.3000,99.2925,99.3000,17.675M
328,2024-03-11 09:30:00,99.3000,99.3000,99.2850,99.2975,17.475M
329,2024-03-11 09:25:00,99.2700,99.3025,99.2550,99.3000,25.813M
330,2024-03-11 09:20:00,99.2450,99.2825,99.2100,99.2700,158.202M
331,2024-03-11 09:15:00,99.2900,99.3100,99.2625,99.2850,26.215M
332,2024-03-11 09:10:00,99.2600,99.2725,99.2550,99.2725,5.36M
333,2024-03-11 09:05:00,99.2775,99.2850,99.2400,99.2650,37.621M
334,2024-03-11 09:00:00,99.3000,99.3100,99.2350,99.2850,121.804M
335,2024-03-11 08:55:00,99.3150,99.3350,99.3150,99.3350,29.797M
336,2024-03-11 08:20:00,99.2950,99.3050,99.2950,99.3050,14.895M
337,2024-03-11 08:15:00,99.2675,99.2850,99.2650,99.2850,54.699M
338,2024-03-11 08:10:00,99.3325,99.3350,99.3275,99.3275,30.495M
339,2024-03-11 08:30:00,99.3150,99.3350,99.3150,99.3350,29.797M
340,2024-03-11 08:20:00,99.2950,99.3050,99.2950,99.3050,14.895M
341,2024-03-11 08:15:00,99.2675,99.2850,99.2650,99.2850,54.699M
342,2024-03-11 08:10:00,99.2725,99.2875,99.2625,99.2625,27.301M
343,2024-03-11 08:05:00,99.2700,99.2700,99.2700,99.2700,1.191M
344,2024-03-11 08:00:00,99.2675,99.2900,99.2675,99.2900,44.674M
345,2024-03-11 07:55:00,99.3225,99.3225,99.3200,99.3225,14.898M
346,2024-03-11 07:15:00,99.3375,99.3400,99.3375,99.3400,10.927M
347,2024-03-11 07:05:00,99.3500,99.3500,99.2800,99.2800,12.611M
348,2024-03-11 07:00:00,99.2850,99.2875,99.1750,99.1750,13.697M
349,2024-03-07 18:55:00,98.9475,98.9475,98.9175,98.9225,30.079M
350,2024-03-07 18:50:00,98.9325,99.0150,98.9300,98.9300,9.698M
351,2024-03-07 18:45:00,99.0525,99.0775,99.0225,99.0225,22.283M
352,2024-03-07 18:40:00,99.0175,99.0800,99.0175,99.0800,16.342M
353,2024-03-07 18:35:00,98.9925,99.0650,98.9925,99.0350,17.529M
354,2024-03-07 18:30:00,98.9975,99.0000,98.9600,99.0000,51.966M
355,2024-03-07 18:25:00,99.0375,99.0450,99.0300,99.0300,18.818M
356,2024-03-07 18:20:00,99.0250,99.0425,99.0025,99.0275,35.057M
357,2024-03-07 18:15:00,98.9925,99.0650,98.9925,99.0350,17.529M
358,2024-03-07 18:30:00,98.9975,99.0000,98.9600,99.0000,51.966M
359,2024-03-07 18:25:00,99.0375,99.0450,99.0300,99.0300,18.818M
360,2024-03-07 18:20:00,99.0250,99.0425,99.0025,99.0275,35.057M
361,2024-03-07 18:15:00,99.0225,99.0400,99.0200,99.0200,6.933M
362,2024-03-07 18:10:00,99.0100,99.0325,98.9925,99.0325,42.477M
363,2024-03-07 18:05:00,99.0550,99.0800,99.0050,99.0050,69.138M
364,2024-03-07 18:00:00,99.0500,99.0675,99.0200,99.0475,10.598M
365,2024-03-07 17:55:00,99.0300,99.0725,99.0225,99.0275,53.691M
366,2024-03-07 17:50:00,98.9000,99.0275,98.9000,99.0275,60.382M
367,2024-03-07 17:45:00,98.7750,98.9050,98.7650,98.9000,393.807M
368,2024-03-07 17:20:00,98.7000,98.7775,98.6950,98.7750,189.651M
369,2024-03-07 17:15:00,98.8125,98.8275,98.6750,98.6900,44.659M
370,2024-03-07 17:10:00,98.9375,98.9650,98.9225,98.9550,85.193M
371,2024-03-07 17:25:00,98.7750,98.9050,98.7650,98.9000,393.807M
372,2024-03-07 17:20:00,98.7000,98.7775,98.6950,98.7750,189.651M
373,2024-03-07 17:15:00,98.8125,98.8275,98.6750,98.6900,44.659M
374,2024-03-07 17:10:00,98.7775,98.8425,98.7775,98.8275,13.342M
375,2024-03-07 17:05:00,98.7500,98.8500,98.7500,98.8000,24.605M
376,2024-03-07 17:00:00,98.6300,98.7425,98.6050,98.7425,19.14M
377,2024-03-07 16:55:00,98.6825,98.6925,98.6075,98.6425,664.16M
378,2024-03-07 16:30:00,98.7525,98.8000,98.7050,98.7150,204.349M
379,2024-03-07 16:25:00,98.7550,98.7875,98.6825,98.7550,279.263M
380,2024-03-07 16:20:00,98.7450,98.8075,98.7050,98.7525,280.164M
381,2024-03-07 16:15:00,98.8875,98.8875,98.6825,98.7550,186.477M
382,2024-03-07 16:10:00,98.9300,98.9300,98.8500,98.8750,148.11M
383,2024-03-07 16:05:00,99.0275,99.0275,98.9150,98.9650,121.724M
384,2024-03-07 16:00:00,99.0125,99.0250,98.9925,99.0150,671.83M
385,2024-03-07 15:55:00,99.0000,99.0400,98.9725,98.9900,195.84M
386,2024-03-07 15:50:00,99.0550,99.0750,98.9425,98.9750,763.585M
387,2024-03-07 15:45:00,99.0900,99.1200,99.0550,99.0550,480.234M
388,2024-03-07 15:40:00,99.0850,99.1000,99.0325,99.0925,252.25M
389,2024-03-07 15:35:00,99.0850,99.1000,99.0750,99.0925,510.852M
390,2024-03-07 15:30:00,99.0775,99.0950,99.0625,99.0950,331.72M
391,2024-03-07 15:25:00,98.9875,99.0900,98.9850,99.0675,926.36M
392,2024-03-07 15:20:00,98.9550,99.0000,98.9425,98.9875,492.634M
393,2024-03-07 15:15:00,98.9325,98.9775,98.9225,98.9500,325.584M
394,2024-03-07 15:10:00,98.9500,98.9550,98.9175,98.9275,234.966M
395,2024-03-07 15:05:00,98.9850,98.9850,98.9175,98.9525,403.78M
396,2024-03-07 15:00:00,98.9525,98.9900,98.9300,98.9850,324.29M
397,2024-03-07 14:55:00,98.9675,99.0000,98.9325,98.9775,279.09M
398,2024-03-07 14:50:00,98.8975,99.0000,98.8950,98.9725,328.202M
399,2024-03-07 14:45:00,98.8950,98.9475,98.8875,98.8950,369.454M
400,2024-03-07 14:40:00,98.9550,98.9650,98.8725,98.9100,164.688M
401,2024-03-07 14:35:00,98.9575,98.9900,98.9525,98.9625,272.163M
402,2024-03-07 14:30:00,98.9025,99.0000,98.8950,98.9575,817.266M
403,2024-03-07 14:25:00,98.8800,98.9100,98.8525,98.9050,237.928M
404,2024-03-07 14:20:00,98.8825,98.8925,98.8350,98.8925,205.548M
405,2024-03-07 14:15:00,98.8625,98.9175,98.8500,98.8850,206.462M
406,2024-03-07 14:10:00,98.8350,98.8600,98.8350,98.8550,195.233M
407,2024-03-07 14:05:00,98.8400,98.8825,98.8300,98.8375,161.025M
408,2024-03-07 14:00:00,98.9225,98.9300,98.8400,98.8400,245.033M
409,2024-03-07 13:55:00,98.8300,98.9400,98.8250,98.9175,167.019M
410,2024-03-07 13:50:00,98.8775,98.8775,98.8200,98.8250,199.857M
411,2024-03-07 13:45:00,98.8125,98.9450,98.7850,98.8725,480.813M
412,2024-03-07 13:40:00,98.8250,98.8250,98.7875,98.8125,270.54M
413,2024-03-07 13:35:00,98.8275,98.8600,98.8150,98.8250,283.065M
414,2024-03-07 13:30:00,98.8600,98.8600,98.8000,98.8300,271.192M
415,2024-03-07 13:25:00,98.8150,98.8750,98.8100,98.8600,428.452M
416,2024-03-07 13:20:00,98.8500,98.8925,98.8000,98.8150,250.282M
417,2024-03-07 13:15:00,98.8275,98.8900,98.8150,98.8500,1.169B
418,2024-03-07 13:10:00,98.8050,98.8450,98.7675,98.8275,424.163M
419,2024-03-07 13:05:00,98.8300,98.8500,98.8025,98.8025,218.904M
420,2024-03-07 13:00:00,98.9100,98.9225,98.8225,98.8300,661.437M
421,2024-03-07 12:55:00,98.8975,98.9625,98.8375,98.9150,793.401M
422,2024-03-07 12:45:00,98.8175,98.8675,98.8100,98.8325,1.102B
423,2024-03-07 12:40:00,98.7825,98.8425,98.7825,98.8175,447.378M
424,2024-03-07 12:35:00,98.7700,98.8075,98.7650,98.7800,739.169M
425,2024-03-07 12:30:00,98.7700,98.8050,98.7675,98.7725,364.101M
426,2024-03-07 12:25:00,98.7450,98.7850,98.7450,98.7675,471.52M
427,2024-03-07 12:20:00,98.7350,98.7575,98.6950,98.7450,577.988M
428,2024-03-07 12:15:00,98.7575,98.7700,98.7125,98.7350,264.609M
429,2024-03-07 12:10:00,98.7550,98.7700,98.7150,98.7575,198.573M
430,2024-03-07 12:05:00,98.7750,98.7850,98.7500,98.7525,295.122M
431,2024-03-07 12:00:00,98.7625,98.8125,98.7575,98.7750,574.152M
432,2024-03-07 11:55:00,98.7850,98.8050,98.7575,98.7625,398.779M
433,2024-03-07 11:50:00,98.7925,98.8125,98.7825,98.7875,360.616M
434,2024-03-07 11:45:00,98.7700,98.8000,98.7600,98.8000,614.565M
435,2024-03-07 11:40:00,98.7650,98.8175,98.7500,98.7575,510.3M
436,2024-03-07 11:35:00,98.7575,98.8075,98.7500,98.7650,622.562M
437,2024-03-07 11:00:00,98.8100,98.8100,98.8000,98.8000,85.858M
438,2024-03-07 10:55:00,98.8300,98.8425,98.8000,98.8050,372.033M
439,2024-03-07 10:50:00,98.8425,98.8850,98.8150,98.8350,453.251M
440,2024-03-07 10:45:00,98.8425,98.8675,98.8200,98.8425,593.779M
441,2024-03-07 10:40:00,98.8900,98.8900,98.8175,98.8525,319.474M
442,2024-03-07 10:35:00,98.9075,98.9375,98.8425,98.8875,367.752M
443,2024-03-07 10:30:00,98.9500,98.9500,98.8850,98.9075,313.566M
444,2024-03-07 10:25:00,98.9500,99.0000,98.9500,98.9500,286.634M
445,2024-03-07 10:20:00,98.9725,98.9825,98.9500,98.9550,375.645M
446,2024-03-07 10:15:00,98.9550,99.0000,98.9500,98.9725,786.627M
447,2024-03-07 10:10:00,99.0400,99.0525,98.9500,98.9575,426.203M
448,2024-03-07 10:05:00,99.0475,99.1400,99.0300,99.0400,526.141M
449,2024-03-07 10:00:00,99.1300,99.1650,99.0150,99.0525,1.679B
450,2024-03-07 09:55:00,99.1700,99.1900,99.1200,99.1325,1.375B
451,2024-03-07 09:50:00,99.2350,99.2350,99.1575,99.1800,156.503M
452,2024-03-07 09:45:00,99.2900,99.2900,99.2475,99.2650,45.962M
453,2024-03-07 09:40:00,99.0900,99.2400,99.0900,99.2400,127.362M
454,2024-03-07 09:35:00,99.0275,99.0900,99.0275,99.0750,40.419M
455,2024-03-07 09:30:00,99.0300,99.0450,99.0225,99.0225,30.404M
456,2024-03-07 09:25:00,98.9575,99.1025,98.9575,99.0575,150.166M
457,2024-03-07 09:20:00,98.9200,98.9500,98.9175,98.9500,12.266M
458,2024-03-07 09:15:00,98.8975,98.9000,98.8950,98.9000,63.494M
459,2024-03-07 09:10:00,98.9275,98.9275,98.8950,98.8950,8.11M
460,2024-03-07 09:05:00,98.8875,98.8900,98.8875,98.8900,8.999M
461,2024-03-07 09:00:00,98.9050,98.9125,98.8750,98.9125,39.558M
462,2024-03-07 08:50:00,98.8200,98.8250,98.8200,98.8250,10.475M
463,2024-03-07 08:40:00,98.8150,98.8150,98.7950,98.7950,1.68M
464,2024-03-07 08:30:00,98.8100,98.8275,98.8100,98.8275,3.656M
465,2024-03-07 08:25:00,98.8300,98.8350,98.8200,98.8200,40.617M
466,2024-03-07 08:20:00,98.8175,98.8300,98.8175,98.8225,34.588M
467,2024-03-07 08:15:00,98.7600,98.7800,98.7600,98.7800,24.692M
468,2024-03-07 08:10:00,98.7625,98.7625,98.7475,98.7600,39.502M
469,2024-03-07 08:05:00,98.8200,98.8200,98.8200,98.8200,9.882M
470,2024-03-07 08:00:00,98.7800,98.7800,98.7650,98.7650,10.075M
471,2024-03-07 07:50:00,98.7750,98.7750,98.7750,98.7750,4.939M
472,2024-03-07 07:45:00,98.8025,98.8025,98.8025,98.8025,9.88M
473,2024-03-07 07:40:00,98.7725,98.7900,98.7725,98.7900,20.151M
474,2024-03-07 07:35:00,98.7950,98.7950,98.7950,98.7950,9.88M
475,2024-03-07 07:30:00,98.7900,98.8150,98.7650,98.8150,24.697M
476,2024-03-07 07:25:00,98.7925,98.7925,98.7750,98.7850,14.818M
477,2024-03-07 07:20:00,98.7975,98.7975,98.7975,98.7975,98.798K
478,2024-03-07 07:15:00,98.7825,98.7825,98.7825,98.7825,4.939M
479,2024-03-07 07:10:00,98.7500,98.8125,98.7500,98.8125,24.695M
480,2024-03-06 18:55:00,98.6050,98.6775,98.5375,98.5375,49.403M
481,2024-03-06 18:50:00,98.6450,98.6825,98.5950,98.6050,295.66M
482,2024-03-06 18:45:00,98.6900,98.7375,98.6425,98.6450,329.234M
483,2024-03-06 18:40:00,98.6675,98.7325,98.6525,98.6850,333.154M
484,2024-03-06 18:35:00,98.5975,98.6800,98.5875,98.6800,318.068M
485,2024-03-06 18:30:00,98.6050,98.6125,98.5500,98.5975,321.847M
486,2024-03-06 18:25:00,98.6500,98.6500,98.6100,98.6100,359.893M
487,2024-03-06 18:20:00,98.7050,98.7100,98.6500,98.6500,352.295M
488,2024-03-06 18:15:00,98.7650,98.7650,98.7025,98.7025,297.191M
489,2024-03-06 18:10:00,98.7800,98.8400,98.7575,98.7600,404.765M
490,2024-03-06 18:05:00,98.7750,98.8025,98.7625,98.7800,40.6M
491,2024-03-06 18:00:00,98.7900,98.8150,98.7675,98.7675,25.491M
492,2024-03-06 17:55:00,98.7975,98.8025,98.7300,98.7825,169.572M
493,2024-03-06 17:50:00,98.8075,98.8275,98.7125,98.7975,232.311M
494,2024-03-06 17:45:00,98.7950,98.8175,98.7450,98.8000,352.459M
495,2024-03-06 17:40:00,98.7850,98.8400,98.7750,98.8125,99.106M
496,2024-03-06 17:35:00,98.7175,98.7850,98.7175,98.7850,224.462M
497,2024-03-06 17:30:00,98.8250,98.8250,98.7200,98.7300,32.497M
498,2024-03-06 17:25:00,98.8500,98.8650,98.8350,98.8350,66.231M
499,2024-03-06 17:20:00,98.8150,98.8500,98.7925,98.8475,185.487M
500,2024-03-06 17:15:00,98.6400,98.8125,98.6375,98.8125,91.829M
501,2024-03-06 17:10:00,98.6650,98.6650,98.5975,98.6450,52.673M
502,2024-03-06 17:05:00,98.7000,98.7350,98.6600,98.6800,208.959M
503,2024-03-06 17:00:00,98.7100,98.7375,98.6025,98.7000,271.24M
504,2024-03-06 16:55:00,98.7500,98.8000,98.7025,98.7050,213.302M
505,2024-03-06 16:50:00,98.6500,98.7600,98.5825,98.7500,413.63M
506,2024-03-06 16:45:00,98.6700,98.7200,98.6325,98.6800,168.048M
507,2024-03-06 16:40:00,98.6725,98.7025,98.6300,98.6700,144.038M
508,2024-03-06 16:35:00,98.7050,98.7350,98.6500,98.6500,296.376M
509,2024-03-06 16:30:00,98.6375,98.7775,98.6300,98.7150,198.263M
510,2024-03-06 16:25:00,98.7100,98.7225,98.6500,98.6500,144.3M
511,2024-03-06 16:20:00,98.6575,98.7250,98.6500,98.6950,128.679M
512,2024-03-06 16:15:00,98.6200,98.6950,98.6075,98.6625,70.346M
513,2024-03-06 16:10:00,98.5700,98.6275,98.5450,98.6025,216.167M
514,2024-03-06 16:05:00,98.5700,98.6300,98.5425,98.5575,1.102B
515,2024-03-06 16:00:00,98.5475,98.5625,98.5350,98.5575,129.698M
516,2024-03-06 15:55:00,98.5025,98.5625,98.4925,98.5325,66.201M
517,2024-03-06 15:50:00,98.5475,98.5725,98.4550,98.4975,197.598M
518,2024-03-06 15:45:00,98.5200,98.5750,98.5200,98.5400,115.411M
519,2024-03-06 15:40:00,98.5325,98.5700,98.4650,98.5275,198.503M
520,2024-03-06 15:35:00,98.4925,98.6000,98.4550,98.5350,424.724M
521,2024-03-06 15:30:00,98.2925,98.4950,98.2925,98.4925,688.982M
522,2024-03-06 15:25:00,98.3550,98.4150,98.2625,98.2900,705.9M
523,2024-03-06 15:20:00,98.4200,98.4250,98.3250,98.3600,445.02M
524,2024-03-06 15:15:00,98.4625,98.4825,98.4075,98.4150,361.477M
525,2024-03-06 15:10:00,98.5200,98.5225,98.4400,98.4500,363.586M
526,2024-03-06 15:05:00,98.5175,98.5525,98.4875,98.5225,310.326M
527,2024-03-06 15:00:00,98.5825,98.6050,98.5125,98.5125,388.78M
528,2024-03-06 14:55:00,98.6675,98.7025,98.5450,98.5450,218.325M
529,2024-03-06 14:50:00,98.5950,98.6900,98.5875,98.6675,328.746M
530,2024-03-06 14:45:00,98.5850,98.6475,98.5625,98.5950,289.018M
531,2024-03-06 14:40:00,98.6625,98.7250,98.5525,98.5875,312.189M
532,2024-03-06 14:35:00,98.6300,98.6850,98.6000,98.6650,280.465M
533,2024-03-06 14:30:00,98.5175,98.6425,98.5075,98.6100,459.305M
534,2024-03-06 14:25:00,98.3750,98.5000,98.3750,98.5000,296.18M
535,2024-03-06 14:20:00,98.3475,98.3725,98.3400,98.3725,228.485M
536,2024-03-06 14:15:00,98.3225,98.3600,98.2975,98.3475,559.368M
537,2024-03-06 14:10:00,98.2900,98.3200,98.2700,98.3100,181.062M
538,2024-03-06 14:05:00,98.2625,98.3300,98.2400,98.2925,273.533M
539,2024-03-06 14:00:00,98.2475,98.2775,98.2450,98.2700,176.677M
540,2024-03-06 13:55:00,98.2600,98.2625,98.2225,98.2475,213.682M
541,2024-03-06 13:50:00,98.2100,98.2700,98.1950,98.2550,297.259M
542,2024-03-06 13:45:00,98.2125,98.2525,98.1825,98.2250,269.735M
543,2024-03-06 13:40:00,98.2275,98.2800,98.2025,98.2200,676.021M
544,2024-03-06 13:35:00,98.1100,98.2300,98.1075,98.2150,165.006M
545,2024-03-06 13:30:00,98.1525,98.1575,98.0750,98.1075,334.008M
546,2024-03-06 13:25:00,98.0150,98.1575,98.0125,98.1400,750.319M
547,2024-03-06 13:20:00,97.9675,98.0225,97.9650,98.0150,351.492M
548,2024-03-06 13:15:00,97.9750,97.9975,97.9575,97.9725,217.309M
549,2024-03-06 13:10:00,98.0275,98.0400,97.9700,97.9800,218.933M
550,2024-03-06 13:05:00,97.9625,98.0375,97.9600,98.0150,354.111M
551,2024-03-06 13:00:00,98.0125,98.0500,97.9600,97.9650,970.836M
552,2024-03-06 12:55:00,98.0225,98.0375,98.0075,98.0125,244.076M
553,2024-03-06 12:50:00,98.0300,98.0550,98.0200,98.0200,217.939M
554,2024-03-06 12:45:00,98.0375,98.0400,98.0225,98.0300,188.225M
555,2024-03-06 12:40:00,98.0075,98.0750,98.0050,98.0400,308.223M
556,2024-03-06 12:35:00,98.0325,98.0325,97.9950,98.0025,293.942M
557,2024-03-06 12:30:00,98.0400,98.0500,98.0275,98.0300,191.861M
558,2024-03-06 12:25:00,98.0475,98.0625,98.0275,98.0400,261.087M
559,2024-03-06 12:20:00,98.0700,98.0725,98.0475,98.0500,562.543M
560,2024-03-06 12:15:00,98.0550,98.0725,98.0500,98.0600,356.046M
561,2024-03-06 12:10:00,98.0700,98.0775,98.0500,98.0550,283.205M
562,2024-03-06 12:05:00,98.0550,98.0750,98.0425,98.0675,381.161M
563,2024-03-06 12:00:00,98.0725,98.0850,98.0450,98.0600,373.619M
564,2024-03-06 11:55:00,98.0950,98.0950,98.0600,98.0725,322.471M
565,2024-03-06 11:50:00,98.0100,98.0975,98.0100,98.0975,391.499M
566,2024-03-06 11:45:00,97.9850,98.0350,97.9775,98.0050,340.385M
567,2024-03-06 11:40:00,97.9525,98.0200,97.9375,97.9875,1.323B
568,2024-03-06 11:35:00,98.0025,98.0500,97.9450,97.9600,396.903M
569,2024-03-06 11:30:00,98.0675,98.0975,98.0000,98.0050,1.555B
570,2024-03-06 11:25:00,98.0700,98.1125,98.0575,98.0675,474.125M
571,2024-03-06 11:20:00,98.0775,98.1025,98.0475,98.0750,322.953M
572,2024-03-06 11:15:00,98.1675,98.1700,98.0400,98.0675,526.654M
573,2024-03-06 11:10:00,98.2300,98.2600,98.1525,98.1575,606.988M
574,2024-03-06 11:05:00,98.2450,98.2550,98.2125,98.2325,341.164M
575,2024-03-06 11:00:00,98.2600,98.2900,98.2425,98.2500,500.742M
576,2024-03-06 10:55:00,98.2650,98.2850,98.2550,98.2650,355.146M
577,2024-03-06 10:50:00,98.2475,98.2825,98.2375,98.2625,323.654M
578,2024-03-06 10:45:00,98.2225,98.2700,98.1975,98.2450,331.033M
579,2024-03-06 10:40:00,98.2900,98.2900,98.2000,98.2275,332.035M
580,2024-03-06 10:35:00,98.2775,98.2950,98.2675,98.2800,281.282M
581,2024-03-06 10:30:00,98.2675,98.2775,98.2150,98.2775,428.569M
582,2024-03-06 10:25:00,98.3450,98.3550,98.2650,98.2675,750.533M
583,2024-03-06 10:20:00,98.3000,98.3475,98.2850,98.3400,195.455M
584,2024-03-06 10:15:00,98.3100,98.3200,98.2850,98.3200,210.173M
585,2024-03-06 10:10:00,98.2725,98.3125,98.2700,98.3100,207.397M
586,2024-03-06 10:05:00,98.3225,98.3350,98.2625,98.2625,209.291M
587,2024-03-06 10:00:00,98.3650,98.3750,98.2825,98.3275,548.289M
588,2024-03-06 09:55:00,98.3975,98.4125,98.3925,98.4125,91.71M
589,2024-03-06 09:50:00,98.4275,98.4300,98.3800,98.4075,63.565M
590,2024-03-06 09:45:00,98.4775,98.4775,98.4300,98.4300,30.029M
591,2024-03-06 09:40:00,98.4650,98.4825,98.4475,98.4825,101.62M
592,2024-03-06 09:35:00,98.4300,98.4775,98.4175,98.4650,123.755M
593,2024-03-06 09:30:00,98.5075,98.5100,98.4275,98.4300,48.639M
594,2024-03-06 09:25:00,98.5000,98.5050,98.4925,98.5050,28.073M
595,2024-03-06 09:20:00,98.4900,98.5100,98.4900,98.5100,4.235M
596,2024-03-06 09:15:00,98.4825,98.4825,98.4725,98.4775,6.401M
597,2024-03-06 09:10:00,98.4650,98.4650,98.4600,98.4600,2.855M
598,2024-03-06 09:05:00,98.5000,98.5000,98.5000,98.5000,98.5M
599,2024-03-06 09:00:00,98.5475,98.5525,98.5050,98.5050,10.643M
600,2024-03-06 08:55:00,98.5700,98.5700,98.5425,98.5425,11.234M
601,2024-03-06 08:50:00,98.5450,98.5450,98.5450,98.5450,591.27K
602,2024-03-06 08:45:00,98.5825,98.5825,98.5825,98.5825,4.929M
603,2024-03-06 08:40:00,98.6125,98.6125,98.6125,98.6125,3.945M
604,2024-03-06 08:35:00,98.6150,98.6200,98.6150,98.6200,11.045M
605,2024-03-06 08:20:00,98.5325,98.5325,98.5325,98.5325,1.478M
606,2024-03-06 08:10:00,98.5975,98.5975,98.5975,98.5975,98.598K
607,2024-03-06 08:05:00,98.5550,98.5550,98.5500,98.5500,9.855M
608,2024-03-06 07:50:00,98.5200,98.5475,98.5200,98.5475,4.927M
609,2024-03-06 07:25:00,98.4350,98.4350,98.4350,98.4350,984.35K
610,2024-03-06 07:20:00,98.4175,98.4275,98.4175,98.4275,29.526M
611,2024-03-06 07:15:00,98.4000,98.4000,98.4000,98.4000,1.968M
612,2024-03-06 07:05:00,98.3800,98.3800,98.3800,98.3800,983.8K
613,2024-03-06 07:00:00,98.4275,98.4575,98.3800,98.3800,45.277M
614,2024-03-05 18:55:00,98.6125,98.6500,98.6100,98.6500,4.439M
615,2024-03-05 18:50:00,98.6800,98.7650,98.6125,98.6125,68.188M
616,2024-03-05 18:45:00,98.6450,98.7725,98.6175,98.6800,42.35M
617,2024-03-05 18:40:00,98.5975,98.6075,98.5650,98.6075,25.144M
618,2024-03-05 18:35:00,98.6375,98.6375,98.5500,98.5750,330.634M
619,2024-03-05 18:30:00,98.6575,98.6850,98.6100,98.6100,80.589M
620,2024-03-05 18:25:00,98.6850,98.6850,98.6375,98.6675,171.581M
621,2024-03-05 18:20:00,98.6825,98.7025,98.6400,98.6800,150.181M
622,2024-03-05 18:15:00,98.6500,98.7700,98.6500,98.7275,107.702M
623,2024-03-05 18:10:00,98.6850,98.7000,98.6600,98.6650,142.907M
624,2024-03-05 18:05:00,98.6650,98.6725,98.6650,98.6700,9.966M
625,2024-03-05 18:00:00,98.6250,98.7075,98.6250,98.6800,906.331M
626,2024-03-05 17:55:00,98.6000,98.6250,98.5900,98.6200,71.691M
627,2024-03-05 17:50:00,98.6275,98.6350,98.5900,98.6150,42.894M
628,2024-03-05 17:45:00,98.6425,98.6675,98.6350,98.6375,42.716M
629,2024-03-05 17:40:00,98.5925,98.6675,98.5500,98.6400,250.465M
630,2024-03-05 17:35:00,98.6100,98.6100,98.5575,98.5850,90.879M
631,2024-03-05 17:30:00,98.5925,98.6225,98.5925,98.6000,51.475M
632,2024-03-05 17:25:00,98.6700,98.6775,98.5825,98.5825,256.495M
633,2024-03-05 17:20:00,98.6875,98.6950,98.6300,98.6650,54.66M
634,2024-03-05 17:15:00,98.7025,98.7175,98.6625,98.6850,81.126M
635,2024-03-05 17:10:00,98.7325,98.7450,98.6700,98.6925,173.131M
636,2024-03-05 17:05:00,98.7350,98.7475,98.7175,98.7425,39.891M
637,2024-03-05 17:00:00,98.6900,98.7300,98.6100,98.7150,65.128M
638,2024-03-05 16:55:00,98.7450,98.7725,98.6900,98.6975,117.597M
639,2024-03-05 16:50:00,98.7250,98.7450,98.7150,98.7425,64.173M
640,2024-03-05 16:45:00,98.7075,98.7350,98.7075,98.7250,110.077M
641,2024-03-05 16:40:00,98.7475,98.7600,98.6750,98.7150,689.787M
642,2024-03-05 16:35:00,98.6200,98.7500,98.6200,98.7500,613.876M
643,2024-03-05 16:30:00,98.5575,98.6125,98.5150,98.6100,161.914M
644,2024-03-05 16:25:00,98.6400,98.6550,98.5675,98.5900,129.386M
645,2024-03-05 16:20:00,98.6950,98.6950,98.6400,98.6400,138.025M
646,2024-03-05 16:15:00,98.7300,98.7425,98.6775,98.6950,81.545M
647,2024-03-05 16:10:00,98.6375,98.7200,98.6025,98.7175,427.112M
648,2024-03-05 16:05:00,98.6150,98.6475,98.5900,98.6425,108.176M
649,2024-03-05 16:00:00,98.5125,98.6175,98.5000,98.6150,143.367M
650,2024-03-05 15:55:00,98.4925,98.5675,98.4925,98.5075,136.976M
651,2024-03-05 15:50:00,98.5750,98.6200,98.4950,98.5050,170.477M
652,2024-03-05 15:45:00,98.5400,98.5775,98.5350,98.5750,309.364M
653,2024-03-05 15:40:00,98.5500,98.5575,98.4825,98.5175,305.718M
654,2024-03-05 15:35:00,98.5150,98.5550,98.4825,98.5475,249.129M
655,2024-03-05 15:30:00,98.5825,98.6350,98.4900,98.5325,303.452M
656,2024-03-05 15:25:00,98.5850,98.5875,98.5000,98.5425,412.814M
657,2024-03-05 15:20:00,98.6450,98.6500,98.5750,98.5825,175.917M
658,2024-03-05 15:15:00,98.6300,98.6600,98.6075,98.6475,244.114M
659,2024-03-05 15:10:00,98.6850,98.6850,98.6075,98.6150,270.397M
660,2024-03-05 15:05:00,98.7050,98.7050,98.6525,98.7025,297.231M
661,2024-03-05 15:00:00,98.7575,98.7600,98.6975,98.7075,278.103M
662,2024-03-05 14:55:00,98.7500,98.7600,98.7125,98.7475,238.749M
663,2024-03-05 14:50:00,98.7600,98.7700,98.7350,98.7525,458.531M
664,2024-03-05 14:45:00,98.7625,98.7775,98.7375,98.7575,178.358M
665,2024-03-05 14:40:00,98.7300,98.7750,98.7275,98.7625,227.614M
666,2024-03-05 14:35:00,98.6950,98.7575,98.6775,98.7275,184.896M
667,2024-03-05 14:30:00,98.6800,98.7275,98.6775,98.6950,456.19M
668,2024-03-05 14:25:00,98.6950,98.7100,98.6675,98.6725,173.398M
669,2024-03-05 14:20:00,98.6750,98.7050,98.6675,98.7000,232.405M
670,2024-03-05 14:15:00,98.6975,98.7250,98.6775,98.6825,220.097M
671,2024-03-05 14:10:00,98.7450,98.7500,98.6650,98.6800,888.617M
672,2024-03-05 14:05:00,98.7450,98.7675,98.7350,98.7500,984.054M
673,2024-03-05 14:00:00,98.7825,98.7825,98.7425,98.7500,315.064M
674,2024-03-05 13:55:00,98.7500,98.8100,98.7350,98.7825,556.402M
675,2024-03-05 13:50:00,98.7150,98.7750,98.7150,98.7525,287.426M
676,2024-03-05 13:45:00,98.7250,98.7475,98.7025,98.7175,259.345M
677,2024-03-05 13:40:00,98.7950,98.8000,98.6900,98.7250,184.039M
678,2024-03-05 13:35:00,98.8475,98.8500,98.7950,98.7950,286.785M
679,2024-03-05 13:30:00,98.8350,98.8750,98.8350,98.8550,331.964M
680,2024-03-05 13:25:00,98.8275,98.9375,98.8250,98.8400,241.662M
681,2024-03-05 13:20:00,98.8525,98.8625,98.8025,98.8275,361.367M
682,2024-03-05 13:15:00,98.8550,98.8800,98.8500,98.8575,445.625M
683,2024-03-05 13:10:00,98.9750,99.0000,98.8525,98.8575,803.881M
684,2024-03-05 13:05:00,98.9700,98.9825,98.9475,98.9775,245.047M
685,2024-03-05 13:00:00,98.9875,99.0000,98.9675,98.9700,244.193M
686,2024-03-05 12:55:00,99.0075,99.0100,98.9775,98.9875,340.265M
687,2024-03-05 12:50:00,99.0400,99.0500,99.0000,99.0100,433.622M
688,2024-03-05 12:45:00,99.0925,99.1050,99.0325,99.0400,233.087M
689,2024-03-05 12:40:00,99.0950,99.1425,99.0950,99.0950,312.519M
690,2024-03-05 12:35:00,99.0700,99.1100,99.0550,99.0975,335.693M
691,2024-03-05 12:30:00,99.0525,99.0775,99.0350,99.0700,170.488M
692,2024-03-05 12:25:00,99.0150,99.0550,99.0125,99.0550,254.023M
693,2024-03-05 12:20:00,99.0350,99.0450,99.0075,99.0200,226.571M
694,2024-03-05 12:15:00,99.0650,99.0775,99.0350,99.0350,286.48M
695,2024-03-05 12:10:00,99.0425,99.0850,99.0425,99.0650,220.236M
696,2024-03-05 12:05:00,99.0025,99.0575,98.9850,99.0425,245.69M
697,2024-03-05 12:00:00,99.0300,99.0425,98.9675,98.9950,325.58M
698,2024-03-05 11:55:00,99.0000,99.0375,99.0000,99.0300,325.975M
699,2024-03-05 11:50:00,98.9925,99.0100,98.9850,99.0000,738.248M
700,2024-03-05 11:45:00,98.9900,99.0225,98.9625,98.9800,653.365M
701,2024-03-05 11:40:00,98.9925,99.0150,98.9650,98.9925,442.795M
702,2024-03-05 11:35:00,99.0000,99.0275,98.9875,98.9900,448.781M
703,2024-03-05 11:30:00,99.0000,99.0250,99.0000,99.0000,457.5M
704,2024-03-05 11:25:00,99.0075,99.0725,99.0000,99.0000,636.284M
705,2024-03-05 11:20:00,99.0025,99.0300,99.0000,99.0075,432.69M
706,2024-03-05 11:15:00,99.0100,99.0300,99.0000,99.0000,435.847M
707,2024-03-05 11:10:00,98.9925,99.0250,98.9875,99.0025,691.267M
708,2024-03-05 11:05:00,98.9650,99.0000,98.9600,98.9950,538.831M
709,2024-03-05 11:00:00,98.9850,99.0000,98.9500,98.9700,537.723M
710,2024-03-05 10:55:00,98.9900,99.0125,98.9825,98.9850,594.953M
711,2024-03-05 10:50:00,99.0000,99.0075,98.9800,98.9900,561.111M
712,2024-03-05 10:45:00,99.0075,99.0175,99.0000,99.0000,533.922M
713,2024-03-05 10:40:00,99.0500,99.1000,99.0000,99.0075,646.027M
714,2024-03-05 10:35:00,99.0750,99.1325,99.0500,99.0500,730.482M
715,2024-03-05 10:30:00,99.1025,99.1600,99.0500,99.0675,733.557M
716,2024-03-05 10:25:00,99.1025,99.1300,99.0850,99.1025,475.123M
717,2024-03-05 10:20:00,99.1175,99.1275,99.1000,99.1000,507.934M
718,2024-03-05 10:15:00,99.1500,99.1525,99.1000,99.1225,1.029B
719,2024-03-05 10:10:00,99.1400,99.1925,99.1075,99.1500,749.551M
720,2024-03-05 10:05:00,99.1025,99.1400,99.1000,99.1350,424.172M
721,2024-03-05 10:00:00,99.1525,99.1525,99.1000,99.1075,262.259M
722,2024-03-05 09:55:00,99.1425,99.1850,99.1150,99.1625,125.625M
723,2024-03-05 09:50:00,99.1500,99.1575,99.1425,99.1550,70.596M
724,2024-03-05 09:45:00,99.1150,99.1500,99.1100,99.1500,56.997M
725,2024-03-05 09:40:00,99.1325,99.1325,99.1325,99.1325,297.398K
726,2024-03-05 09:35:00,99.1300,99.1300,99.1300,99.1300,3.866M
727,2024-03-05 09:30:00,99.1500,99.1725,99.1125,99.1325,67.12M
728,2024-03-05 09:25:00,99.1500,99.1550,99.1200,99.1425,43.425M
729,2024-03-05 09:20:00,99.1150,99.1475,99.1100,99.1400,56.505M
730,2024-03-05 09:15:00,99.1475,99.1550,99.1350,99.1425,2.479M
731,2024-03-05 09:10:00,99.1550,99.1575,99.1225,99.1225,11.601M
732,2024-03-05 09:05:00,99.0800,99.1425,99.0800,99.1425,23.784M
733,2024-03-05 09:00:00,99.1375,99.1400,99.0775,99.0850,163.733M
734,2024-03-05 08:40:00,99.1450,99.1600,99.1450,99.1600,19.83M
735,2024-03-05 08:35:00,99.1350,99.1350,99.1350,99.1350,4.758M
736,2024-03-05 08:30:00,99.1300,99.1300,99.1300,99.1300,991.3K
737,2024-03-05 08:25:00,99.1100,99.1100,99.1100,99.1100,297.33K
738,2024-03-05 08:20:00,99.1475,99.1475,99.1475,99.1475,2.38M
739,2024-03-05 08:10:00,99.1450,99.1450,99.1450,99.1450,9.518M
740,2024-03-05 08:05:00,99.1475,99.1475,99.1475,99.1475,3.569M
741,2024-03-05 08:00:00,99.1925,99.1925,99.1925,99.1925,99.193K
742,2024-03-05 07:40:00,99.1125,99.1125,99.1125,99.1125,297.338K
743,2024-03-05 07:20:00,99.0725,99.0850,99.0725,99.0850,24.571M
744,2024-03-04 18:55:00,99.1950,99.2350,99.1800,99.1800,23.21M
745,2024-03-04 18:50:00,99.1800,99.2450,99.1775,99.1925,29.465M
746,2024-03-04 18:45:00,99.2000,99.2125,99.1550,99.1775,33.821M
747,2024-03-04 18:40:00,99.2700,99.2700,99.2100,99.2100,17.959M
748,2024-03-04 18:35:00,99.2900,99.2900,99.2675,99.2800,12.311M
749,2024-03-04 18:30:00,99.2825,99.3125,99.2650,99.3125,23.134M
750,2024-03-04 18:25:00,99.3025,99.3300,99.2875,99.2900,39.822M
751,2024-03-04 18:20:00,99.2925,99.3325,99.2900,99.3025,146.79M
752,2024-03-04 18:15:00,99.2450,99.3000,99.2450,99.2900,50.136M
753,2024-03-04 18:10:00,99.2300,99.2875,99.2300,99.2725,289.558M
754,2024-03-04 18:05:00,99.1650,99.3000,99.1650,99.2225,314.749M
755,2024-03-04 18:00:00,99.1325,99.1525,99.0900,99.1300,20.421M
756,2024-03-04 17:55:00,99.1875,99.2175,99.1700,99.1700,14.78M
757,2024-03-04 17:50:00,99.1125,99.1825,99.0775,99.1825,110.81M
758,2024-03-04 17:45:00,99.1250,99.2600,99.0800,99.1150,508.467M
759,2024-03-04 17:40:00,99.1500,99.1625,99.1025,99.1200,76.531M
760,2024-03-04 17:35:00,99.0725,99.1600,99.0700,99.1500,160.659M
761,2024-03-04 17:30:00,99.0775,99.0925,99.0700,99.0700,31.309M
762,2024-03-04 17:25:00,99.1250,99.1300,99.0800,99.0800,42.819M
763,2024-03-04 17:20:00,99.1300,99.1350,99.0925,99.1150,36.77M
764,2024-03-04 17:15:00,99.0975,99.1300,99.0900,99.1300,45.989M
765,2024-03-04 17:10:00,99.1175,99.1250,99.1075,99.1075,45.394M
766,2024-03-04 17:05:00,99.1375,99.1375,99.1100,99.1100,46.289M
767,2024-03-04 17:00:00,99.1250,99.1425,99.0600,99.1425,170.884M
768,2024-03-04 16:55:00,99.0950,99.1200,99.0950,99.1125,41.826M
769,2024-03-04 16:50:00,99.1100,99.1375,99.0850,99.1075,67.589M
770,2024-03-04 16:45:00,99.1025,99.1400,99.1025,99.1100,79.888M
771,2024-03-04 16:40:00,99.0700,99.1125,99.0700,99.1025,217.23M
772,2024-03-04 16:35:00,99.1025,99.1025,99.0650,99.0700,136.752M
773,2024-03-04 16:30:00,99.0925,99.1125,99.0925,99.1025,366.881M
774,2024-03-04 16:25:00,99.1400,99.1400,99.0875,99.0900,50.153M
775,2024-03-04 16:20:00,99.0750,99.1550,99.0650,99.1550,164.526M
776,2024-03-04 16:15:00,99.1800,99.2025,99.0750,99.0900,202.186M
777,2024-03-04 16:10:00,99.1275,99.2100,99.1150,99.1725,488.216M
778,2024-03-04 16:05:00,99.1250,99.1425,99.0900,99.1150,96.837M
779,2024-03-04 16:00:00,99.0825,99.1150,99.0750,99.1150,258.044M
780,2024-03-04 15:55:00,99.1025,99.1050,99.0600,99.0600,334.91M
781,2024-03-04 15:50:00,99.0625,99.1075,99.0625,99.0925,378.808M
782,2024-03-04 15:45:00,99.0475,99.0825,99.0425,99.0525,189.096M
783,2024-03-04 15:40:00,99.0500,99.0700,99.0425,99.0475,257.929M
784,2024-03-04 15:35:00,99.0600,99.0875,99.0200,99.0425,372.605M
785,2024-03-04 15:30:00,99.0725,99.0750,99.0000,99.0675,307.009M
786,2024-03-04 15:25:00,99.0500,99.1300,99.0475,99.0800,478.1M
787,2024-03-04 15:20:00,99.0475,99.0775,99.0225,99.0575,193.544M
788,2024-03-04 15:15:00,99.0725,99.1075,99.0500,99.0525,566.115M
789,2024-03-04 15:10:00,99.1725,99.1725,99.0550,99.0800,442.867M
790,2024-03-04 15:05:00,99.1350,99.2500,99.0975,99.1725,653.121M
791,2024-03-04 15:00:00,99.0875,99.1475,99.0725,99.1375,164.235M
792,2024-03-04 14:55:00,99.1400,99.1475,99.0900,99.0900,193.196M
793,2024-03-04 14:50:00,99.1000,99.1800,99.0375,99.1425,322.892M
794,2024-03-04 14:45:00,99.1350,99.1475,99.1000,99.1025,265.75M
795,2024-03-04 14:40:00,99.1225,99.1450,99.1100,99.1450,160.977M
796,2024-03-04 14:35:00,99.1125,99.1225,99.1100,99.1225,162.645M
797,2024-03-04 14:30:00,99.1075,99.1400,99.1050,99.1150,226.788M
798,2024-03-04 14:25:00,99.0925,99.1200,99.0850,99.1100,130.519M
799,2024-03-04 14:20:00,99.1175,99.1250,99.0825,99.0900,164.707M
800,2024-03-04 14:15:00,99.1475,99.1475,99.1150,99.1175,130.454M
801,2024-03-04 14:10:00,99.1875,99.2000,99.1400,99.1450,574.633M
802,2024-03-04 14:05:00,99.1900,99.2100,99.1825,99.1900,314.948M
803,2024-03-04 14:00:00,99.1975,99.2025,99.1800,99.2000,600.427M
804,2024-03-04 13:55:00,99.1700,99.2050,99.1675,99.1900,236.667M
805,2024-03-04 13:50:00,99.1625,99.1750,99.1550,99.1725,336.569M
806,2024-03-04 13:45:00,99.1325,99.1725,99.1200,99.1700,301.786M
807,2024-03-04 13:40:00,99.1025,99.1425,99.0975,99.1275,644.51M
808,2024-03-04 13:35:00,99.0800,99.1025,99.0700,99.1000,265.843M
809,2024-03-04 13:30:00,99.0825,99.0900,99.0425,99.0800,208.927M
810,2024-03-04 13:25:00,99.0775,99.0925,99.0600,99.0800,310.207M
811,2024-03-04 13:20:00,99.0800,99.0950,99.0750,99.0850,344.136M
812,2024-03-04 13:15:00,99.0800,99.0925,99.0775,99.0825,130.987M
813,2024-03-04 13:10:00,99.0225,99.0900,99.0175,99.0800,355.402M
814,2024-03-04 13:05:00,98.9500,99.0600,98.9500,99.0275,250.22M
815,2024-03-04 13:00:00,99.0475,99.0525,98.9425,98.9475,289.355M
816,2024-03-04 12:55:00,99.0675,99.0675,99.0225,99.0475,194.035M
817,2024-03-04 12:50:00,99.0925,99.1000,99.0700,99.0750,158.932M
818,2024-03-04 12:45:00,99.0925,99.1100,99.0925,99.0950,179.469M
819,2024-03-04 12:40:00,99.0825,99.1000,99.0725,99.0925,389.905M
820,2024-03-04 12:35:00,99.0775,99.1075,99.0675,99.0775,291.615M
821,2024-03-04 12:30:00,99.0350,99.0775,99.0200,99.0675,293.67M
822,2024-03-04 12:25:00,99.1025,99.1025,99.0250,99.0250,322.949M
823,2024-03-04 12:20:00,99.0725,99.0900,99.0575,99.0900,212.522M
824,2024-03-04 12:15:00,99.0600,99.1275,99.0600,99.0700,474.226M
825,2024-03-04 12:10:00,99.0375,99.0850,99.0050,99.0650,207.693M
826,2024-03-04 12:05:00,99.0375,99.0800,99.0000,99.0400,414.859M
827,2024-03-04 12:00:00,99.0300,99.0575,99.0125,99.0275,406.143M
828,2024-03-04 11:55:00,99.0725,99.0775,99.0225,99.0325,187M
829,2024-03-04 11:50:00,99.0500,99.0825,99.0350,99.0675,227.036M
830,2024-03-04 11:45:00,99.0400,99.0675,99.0350,99.0475,139.458M
831,2024-03-04 11:40:00,99.0125,99.0875,98.9775,99.0400,284.644M
832,2024-03-04 11:35:00,98.9700,99.0200,98.9675,99.0200,222.651M
833,2024-03-04 11:30:00,99.0125,99.0525,98.9725,98.9750,347.328M
834,2024-03-04 11:25:00,99.0325,99.0675,99.0000,99.0175,359.606M
835,2024-03-04 11:20:00,99.0600,99.0750,99.0200,99.0350,234.657M
836,2024-03-04 11:15:00,99.0900,99.0925,99.0500,99.0600,281.552M
837,2024-03-04 11:10:00,99.1150,99.1200,99.0825,99.0925,231.793M
838,2024-03-04 11:05:00,99.1275,99.1475,99.1075,99.1150,225.819M
839,2024-03-04 11:00:00,99.1675,99.1800,99.1125,99.1275,335.288M
840,2024-03-04 10:55:00,99.1225,99.1925,99.1225,99.1700,218.756M
841,2024-03-04 10:50:00,99.1125,99.1325,99.1050,99.1275,261.485M
842,2024-03-04 10:45:00,99.1275,99.1650,99.0875,99.1075,383.915M
843,2024-03-04 10:40:00,99.0925,99.1650,99.0850,99.1275,359.602M
844,2024-03-04 10:35:00,99.0600,99.1025,99.0575,99.0950,274.872M
845,2024-03-04 10:30:00,99.1500,99.1525,99.0425,99.0475,526.627M
846,2024-03-04 10:25:00,99.1625,99.1650,99.1500,99.1500,228.35M
847,2024-03-04 10:20:00,99.1525,99.1725,99.1500,99.1625,427.453M
848,2024-03-04 10:15:00,99.1700,99.1950,99.1500,99.1550,266.977M
849,2024-03-04 10:10:00,99.1725,99.1800,99.1500,99.1700,582.227M
850,2024-03-04 10:05:00,99.2300,99.2325,99.1525,99.1700,306.184M
851,2024-03-04 10:00:00,99.2750,99.3025,99.2300,99.2475,286.581M
852,2024-03-04 09:55:00,99.2900,99.3000,99.2800,99.2800,48.951M
853,2024-03-04 09:50:00,99.2650,99.3050,99.2650,99.2825,38.126M
854,2024-03-04 09:45:00,99.2800,99.3000,99.2800,99.2825,53.917M
855,2024-03-04 09:40:00,99.2725,99.2725,99.2575,99.2575,3.872M
856,2024-03-04 09:35:00,99.2900,99.3000,99.2775,99.3000,32.371M
857,2024-03-04 09:30:00,99.2500,99.2875,99.2425,99.2875,26.104M
858,2024-03-04 09:25:00,99.2675,99.2675,99.2450,99.2550,8.338M
859,2024-03-04 09:20:00,99.2800,99.2875,99.2425,99.2425,18.962M
860,2024-03-04 09:15:00,99.2900,99.3000,99.2900,99.3000,2.284M
861,2024-03-04 09:10:00,99.2875,99.3325,99.2550,99.3325,31.274M
862,2024-03-04 09:05:00,99.3650,99.3850,99.2850,99.2850,62.289M
863,2024-03-04 09:00:00,99.4475,99.4475,99.3600,99.3700,52.49M
864,2024-03-04 08:55:00,99.4400,99.4400,99.4400,99.4400,4.972M
865,2024-03-04 08:50:00,99.4400,99.4475,99.4400,99.4400,59.864M
866,2024-03-04 08:45:00,99.4000,99.4275,99.3875,99.3875,52.992M
867,2024-03-04 08:25:00,99.4450,99.4450,99.4450,99.4450,3.381M
868,2024-03-04 08:15:00,99.4725,99.4725,99.4725,99.4725,3.581M
869,2024-03-04 08:10:00,99.3975,99.4425,99.3975,99.4175,21.176M
870,2024-03-04 08:00:00,99.4575,99.4575,99.4425,99.4425,5.371M
871,2024-03-04 07:45:00,99.5575,99.5575,99.5575,99.5575,99.558K
872,2024-03-04 07:25:00,99.6775,99.6775,99.6775,99.6775,1.395M
873,2024-03-04 07:00:00,99.4000,99.5000,99.1450,99.5000,1.489M
874,2024-03-01 18:55:00,99.0025,99.2425,98.9050,98.9050,1.784M
875,2024-03-01 18:50:00,99.2525,99.2525,98.9725,99.0025,18.054M
876,2024-03-01 18:45:00,99.2075,99.2550,99.1825,99.2525,52.493M
877,2024-03-01 18:40:00,99.2425,99.2975,99.2425,99.2425,7.248M
878,2024-03-01 18:35:00,99.3975,99.4325,99.2875,99.2875,96.502M
879,2024-03-01 18:30:00,99.3675,99.4100,99.3675,99.4075,29.721M
880,2024-03-01 18:25:00,99.3975,99.4050,99.3650,99.3825,40.952M
881,2024-03-01 18:20:00,99.3125,99.3800,99.3075,99.3750,122.468M
882,2024-03-01 18:15:00,99.2250,99.3275,99.2250,99.3100,192.334M
883,2024-03-01 18:10:00,99.1050,99.2275,99.0950,99.2250,557.907M
884,2024-03-01 18:05:00,99.1100,99.1850,99.1000,99.1200,284.951M
885,2024-03-01 18:00:00,98.9400,99.1200,98.9400,99.1075,450.222M
886,2024-03-01 17:55:00,98.9275,98.9450,98.9150,98.9350,35.222M
887,2024-03-01 17:50:00,98.9175,98.9650,98.9125,98.9400,178.295M
888,2024-03-01 17:45:00,98.9775,98.9850,98.9175,98.9175,128.555M
889,2024-03-01 17:40:00,99.0000,99.0000,98.9600,98.9800,169.282M
890,2024-03-01 17:35:00,98.9800,99.0000,98.9800,99.0000,229.776M
891,2024-03-01 17:30:00,98.9575,98.9850,98.9425,98.9750,123.408M
892,2024-03-01 17:25:00,98.9075,98.9550,98.8900,98.9500,111.3M
893,2024-03-01 17:20:00,98.9175,98.9350,98.8975,98.9050,179.144M
894,2024-03-01 17:15:00,98.8850,98.9350,98.8850,98.9275,118.594M
895,2024-03-01 17:10:00,98.8750,98.8800,98.8550,98.8800,45.086M
896,2024-03-01 17:05:00,98.8325,98.8750,98.8325,98.8675,130.996M
897,2024-03-01 17:00:00,98.8425,98.8625,98.8225,98.8325,56.045M
898,2024-03-01 16:55:00,98.8325,98.8450,98.8225,98.8375,37.952M
899,2024-03-01 16:50:00,98.8100,98.8300,98.8100,98.8200,62.255M
900,2024-03-01 16:45:00,98.7550,98.8150,98.7550,98.8100,109.464M
901,2024-03-01 16:40:00,98.7700,98.7975,98.7625,98.7625,86.433M
902,2024-03-01 16:35:00,98.7750,98.7950,98.6850,98.7875,479.358M
903,2024-03-01 16:30:00,98.8150,98.8250,98.6975,98.7750,415.214M
904,2024-03-01 16:25:00,98.8525,98.8875,98.8075,98.8350,293.254M
905,2024-03-01 16:20:00,98.8450,98.8850,98.8325,98.8525,108.848M
906,2024-03-01 16:15:00,98.8525,98.8650,98.8275,98.8600,266.406M
907,2024-03-01 16:10:00,98.8625,98.8750,98.8400,98.8600,151.16M
908,2024-03-01 16:05:00,98.7725,98.8875,98.7700,98.8725,564.196M
909,2024-03-01 16:00:00,98.7475,98.7975,98.7250,98.7600,281.628M
910,2024-03-01 15:55:00,98.7175,98.7975,98.7100,98.7250,416.175M
911,2024-03-01 15:50:00,98.6775,98.7625,98.6700,98.7175,551.812M
912,2024-03-01 15:45:00,98.7725,98.7750,98.6675,98.6675,121.804M
913,2024-03-01 15:40:00,98.7800,98.9025,98.7800,98.7975,575.169M
914,2024-03-01 15:35:00,98.8150,98.8350,98.7800,98.7900,123.021M
915,2024-03-01 15:30:00,98.8475,98.8550,98.8200,98.8200,124.445M
916,2024-03-01 15:25:00,98.8225,98.8550,98.7800,98.8375,279.946M
917,2024-03-01 15:20:00,98.8525,98.8575,98.8200,98.8300,411.959M
918,2024-03-01 15:15:00,98.8375,98.8625,98.8250,98.8600,203.998M
919,2024-03-01 15:10:00,98.8250,98.9200,98.8250,98.8375,369.344M
920,2024-03-01 15:05:00,98.7925,98.8900,98.7875,98.8250,447.244M
921,2024-03-01 15:00:00,98.8225,98.8725,98.7625,98.7900,275.467M
922,2024-03-01 14:55:00,98.7875,98.8275,98.7575,98.8225,434.167M
923,2024-03-01 14:50:00,98.7500,98.7900,98.7350,98.7775,304.159M
924,2024-03-01 14:45:00,98.8000,98.8000,98.7450,98.7525,296.395M
925,2024-03-01 14:40:00,98.8300,98.8325,98.7775,98.8000,231.48M
926,2024-03-01 14:35:00,98.8125,98.8500,98.7975,98.8325,373.953M
927,2024-03-01 14:30:00,98.7650,98.8100,98.7625,98.8050,303.577M
928,2024-03-01 14:25:00,98.6950,98.7600,98.6900,98.7550,303.467M
929,2024-03-01 14:20:00,98.7675,98.7975,98.7050,98.7050,295.128M
930,2024-03-01 14:15:00,98.6825,98.7725,98.6625,98.7700,366.311M
931,2024-03-01 14:10:00,98.7300,98.7400,98.6150,98.6850,399.829M
932,2024-03-01 14:05:00,98.7475,98.8075,98.7150,98.7350,1.227B
933,2024-03-01 14:00:00,98.7025,98.7500,98.7000,98.7475,1.133B
934,2024-03-01 13:55:00,98.6900,98.7100,98.6850,98.7050,720.127M
935,2024-03-01 13:50:00,98.6700,98.6950,98.6650,98.6900,250.652M
936,2024-03-01 13:45:00,98.6450,98.6750,98.6225,98.6650,263.287M
937,2024-03-01 13:40:00,98.5950,98.6825,98.5875,98.6475,343.035M
938,2024-03-01 13:35:00,98.5900,98.6150,98.5875,98.5950,301.616M
939,2024-03-01 13:30:00,98.5925,98.6075,98.5775,98.5875,570.545M
940,2024-03-01 13:25:00,98.5975,98.6325,98.5925,98.5950,572.287M
941,2024-03-01 13:20:00,98.5925,98.6425,98.5900,98.5975,579.048M
942,2024-03-01 13:15:00,98.6875,98.6900,98.5925,98.5925,598.305M
943,2024-03-01 13:10:00,98.6900,98.7200,98.6850,98.6875,569.445M
944,2024-03-01 13:05:00,98.7225,98.7400,98.6800,98.6800,311.713M
945,2024-03-01 13:00:00,98.7150,98.7600,98.7100,98.7250,259.265M
946,2024-03-01 12:55:00,98.7150,98.7300,98.7050,98.7150,197.135M
947,2024-03-01 12:50:00,98.7225,98.7400,98.7125,98.7150,189.453M
948,2024-03-01 12:45:00,98.6900,98.7400,98.6800,98.7225,283.416M
949,2024-03-01 12:40:00,98.6200,98.7150,98.6200,98.6900,661.591M
950,2024-03-01 12:35:00,98.6200,98.6450,98.6075,98.6175,253.558M
951,2024-03-01 12:30:00,98.6750,98.6875,98.6000,98.6125,236.812M
952,2024-03-01 12:25:00,98.6675,98.7000,98.6425,98.6750,308.85M
953,2024-03-01 12:20:00,98.6825,98.7100,98.6200,98.6675,386.661M
954,2024-03-01 12:15:00,98.6275,98.6825,98.6275,98.6825,380.525M
955,2024-03-01 12:10:00,98.6050,98.6375,98.5775,98.6275,407.122M
956,2024-03-01 12:05:00,98.6200,98.6475,98.6075,98.6100,359.789M
957,2024-03-01 12:00:00,98.6825,98.6825,98.6150,98.6200,322.639M
958,2024-03-01 11:55:00,98.6550,98.6975,98.6475,98.6825,426.855M
959,2024-03-01 11:50:00,98.6500,98.6700,98.6450,98.6575,412.38M
960,2024-03-01 11:45:00,98.6500,98.7100,98.6425,98.6500,361.915M
961,2024-03-01 11:40:00,98.6475,98.6800,98.6300,98.6475,256.801M
962,2024-03-01 11:35:00,98.6625,98.6725,98.6375,98.6525,300.802M
963,2024-03-01 11:30:00,98.6550,98.6975,98.6550,98.6700,344.38M
964,2024-03-01 11:25:00,98.6125,98.6850,98.6000,98.6650,307.856M
965,2024-03-01 11:20:00,98.6350,98.6425,98.6075,98.6075,341.928M
966,2024-03-01 11:15:00,98.6400,98.6875,98.5625,98.6325,1.061B
967,2024-03-01 11:10:00,98.6125,98.6650,98.6125,98.6375,533.743M
968,2024-03-01 11:05:00,98.6025,98.6225,98.5950,98.6125,511.861M
969,2024-03-01 11:00:00,98.6250,98.6425,98.5775,98.6050,602.411M
970,2024-03-01 10:55:00,98.6475,98.6575,98.6250,98.6250,313.375M
971,2024-03-01 10:50:00,98.6950,98.7100,98.6150,98.6475,593.187M
972,2024-03-01 10:45:00,98.7550,98.7775,98.6600,98.6900,906.916M
973,2024-03-01 10:40:00,98.8450,98.8575,98.7550,98.7650,519.673M
974,2024-03-01 10:35:00,98.8025,98.8675,98.8025,98.8600,481.744M
975,2024-03-01 10:30:00,98.8550,98.8750,98.8000,98.8025,512.353M
976,2024-03-01 10:25:00,98.9075,98.9300,98.8550,98.8800,422.66M
977,2024-03-01 10:20:00,98.9450,98.9450,98.7800,98.9075,369.253M
978,2024-03-01 10:15:00,98.9325,98.9525,98.8300,98.9450,508.82M
979,2024-03-01 10:10:00,98.9775,99.0125,98.9000,98.9300,613.755M
980,2024-03-01 10:05:00,98.8675,99.0050,98.8650,98.9825,606.991M
981,2024-03-01 10:00:00,98.7225,98.9200,98.7225,98.8800,946.319M
982,2024-03-01 09:55:00,98.7450,98.7925,98.7125,98.7350,619.146M
983,2024-03-01 09:50:00,98.7725,98.8025,98.7300,98.7450,256.79M
984,2024-03-01 09:45:00,98.7575,98.7700,98.7225,98.7700,109.896M
985,2024-03-01 09:40:00,98.7700,98.7700,98.7200,98.7400,57.765M
986,2024-03-01 09:35:00,98.7275,98.7825,98.7150,98.7825,85.708M
987,2024-03-01 09:30:00,98.8000,98.8075,98.7600,98.7600,89.001M
988,2024-03-01 09:25:00,98.7775,98.8100,98.7700,98.7975,42.673M
989,2024-03-01 09:20:00,98.7700,98.7700,98.7400,98.7550,11.95M
990,2024-03-01 09:15:00,98.7750,98.7900,98.7550,98.7550,35.065M
991,2024-03-01 09:10:00,98.7725,98.8000,98.7625,98.7725,96.008M
992,2024-03-01 09:05:00,98.7800,98.7800,98.7100,98.7675,139.24M
993,2024-03-01 09:00:00,98.8200,98.8200,98.7700,98.7850,148.297M
994,2024-03-01 08:55:00,98.8475,98.8525,98.8200,98.8200,15.912M
995,2024-03-01 08:50:00,98.8225,98.8750,98.8200,98.8675,36.083M
996,2024-03-01 08:40:00,98.8325,98.8325,98.8300,98.8300,64.24M
997,2024-03-01 08:35:00,98.7900,98.7950,98.7900,98.7950,14.819M
998,2024-03-01 08:30:00,98.8000,98.8025,98.7700,98.8025,62.735M
999,2024-03-01 08:25:00,98.8025,98.8025,98.8025,98.8025,4.94M
